{
    "averages": {
        "init_time": 2155.548395007985,
        "track_time": 1818.826136975752
    },
    "bicycle": {
        "init_time": 1855.330596720688,
        "track_time": 2640.4803236822695
    },
    "bolt": {
        "init_time": 1061.6908754304916,
        "track_time": 968.7284555145089
    },
    "car": {
        "init_time": 2871.5828164489785,
        "track_time": 2682.2424154468295
    },
    "cup": {
        "init_time": 1392.9516645766414,
        "track_time": 1598.3429781289249
    },
    "david": {
        "init_time": 1309.1289928437109,
        "track_time": 1333.0918897253725
    },
    "diving": {
        "init_time": 3286.0343539952432,
        "track_time": 1987.7949390741903
    },
    "face": {
        "init_time": 872.6003490405773,
        "track_time": 1106.9767342368746
    },
    "gymnastics": {
        "init_time": 2667.9561788189335,
        "track_time": 2003.496177298754
    },
    "hand": {
        "init_time": 2937.9195010091676,
        "track_time": 2357.8919157807845
    },
    "iceskater": {
        "init_time": 903.3831699715018,
        "track_time": 863.5422968904782
    },
    "juice": {
        "init_time": 3178.7237424161153,
        "track_time": 2534.521742416985
    },
    "jump": {
        "init_time": 1135.5248963833037,
        "track_time": 808.632801321866
    },
    "singer": {
        "init_time": 1661.6574012262665,
        "track_time": 1387.5949015797257
    },
    "sunshade": {
        "init_time": 3197.442046363188,
        "track_time": 2612.7397188697746
    },
    "torus": {
        "init_time": 3328.008519700548,
        "track_time": 2431.963587480951
    },
    "woman": {
        "init_time": 2828.839215182408,
        "track_time": 1783.1773141637377
    }
}