{
    "averages": {
        "init_time": 12671.82802900783,
        "track_time": 873.6055508029918
    },
    "bicycle": {
        "init_time": 9654.839488294007,
        "track_time": 1351.0971703786577
    },
    "bolt": {
        "init_time": 10405.285885231897,
        "track_time": 923.0640639167473
    },
    "car": {
        "init_time": 8269.01874310923,
        "track_time": 1425.9658561707836
    },
    "cup": {
        "init_time": 5991.6117435601,
        "track_time": 1558.398218493773
    },
    "david": {
        "init_time": 10339.479579555915,
        "track_time": 440.3426031172596
    },
    "diving": {
        "init_time": 10989.010989056978,
        "track_time": 973.9734320025362
    },
    "face": {
        "init_time": 46082.94930967044,
        "track_time": 334.3486008964662
    },
    "gymnastics": {
        "init_time": 21455.04193486262,
        "track_time": 341.8906817694557
    },
    "hand": {
        "init_time": 5021.34069795983,
        "track_time": 931.6646383551137
    },
    "iceskater": {
        "init_time": 8696.233861760807,
        "track_time": 171.9905714690365
    },
    "juice": {
        "init_time": 20554.984583721656,
        "track_time": 656.3576733736923
    },
    "jump": {
        "init_time": 6067.961165063732,
        "track_time": 1147.3763327854977
    },
    "singer": {
        "init_time": 7348.888480598603,
        "track_time": 107.5820937280257
    },
    "sunshade": {
        "init_time": 4170.141784833986,
        "track_time": 1728.8444040041977
    },
    "torus": {
        "init_time": 19607.843137197182,
        "track_time": 1447.5673103266881
    },
    "woman": {
        "init_time": 8094.61707964832,
        "track_time": 437.22516205993975
    }
}