{
  "tracker_name": "ncc",
  "results": [
    {
      "sequence_name": "bicycle",
      "sequence_length": 271,
      "overlap": 0.5522347700915551,
      "failures": 3,
      "speed": 1369.2850851547296
    },
    {
      "sequence_name": "bolt",
      "sequence_length": 350,
      "overlap": 0.7516895801049229,
      "failures": 19,
      "speed": 988.8391101025437
    },
    {
      "sequence_name": "car",
      "sequence_length": 374,
      "overlap": 0.364898358932744,
      "failures": 2,
      "speed": 1435.7045602448698
    },
    {
      "sequence_name": "cup",
      "sequence_length": 303,
      "overlap": 0.7466961870153258,
      "failures": 1,
      "speed": 1566.1493834137968
    },
    {
      "sequence_name": "david",
      "sequence_length": 770,
      "overlap": 0.6018587010434192,
      "failures": 5,
      "speed": 443.74134778328715
    },
    {
      "sequence_name": "diving",
      "sequence_length": 231,
      "overlap": 0.40138369287991715,
      "failures": 7,
      "speed": 1010.2578496537251
    },
    {
      "sequence_name": "face",
      "sequence_length": 415,
      "overlap": 0.8131247914835809,
      "failures": 0,
      "speed": 335.15033269121767
    },
    {
      "sequence_name": "gymnastics",
      "sequence_length": 207,
      "overlap": 0.5837752744803166,
      "failures": 10,
      "speed": 365.58757037287097
    },
    {
      "sequence_name": "hand",
      "sequence_length": 244,
      "overlap": 0.5244176566298444,
      "failures": 7,
      "speed": 960.6425631366757
    },
    {
      "sequence_name": "iceskater",
      "sequence_length": 500,
      "overlap": 0.5512196397347916,
      "failures": 12,
      "speed": 176.98003461604182
    },
    {
      "sequence_name": "juice",
      "sequence_length": 404,
      "overlap": 0.7537156542391416,
      "failures": 1,
      "speed": 659.5501208625601
    },
    {
      "sequence_name": "jump",
      "sequence_length": 228,
      "overlap": 0.5614482157297926,
      "failures": 4,
      "speed": 1169.7481068840775
    },
    {
      "sequence_name": "singer",
      "sequence_length": 351,
      "overlap": 0.6515933026479825,
      "failures": 3,
      "speed": 108.84762982199021
    },
    {
      "sequence_name": "sunshade",
      "sequence_length": 172,
      "overlap": 0.6787631853296672,
      "failures": 0,
      "speed": 1734.7488345916995
    },
    {
      "sequence_name": "torus",
      "sequence_length": 264,
      "overlap": 0.6215415939900774,
      "failures": 6,
      "speed": 1487.7566922705464
    },
    {
      "sequence_name": "woman",
      "sequence_length": 597,
      "overlap": 0.6907876742389896,
      "failures": 17,
      "speed": 451.76688248142847
    }
  ],
  "average_overlap": 0.6155717674107544,
  "total_failures": 97,
  "average_speed": 891.5472565051288,
  "total_frames": 5681
}