{
  "tracker_name": "MeanShift_tracker",
  "results": [
    {
      "sequence_name": "bicycle",
      "sequence_length": 271,
      "overlap": 0.2741870985039809,
      "failures": 15,
      "speed": 2558.382035550597
    },
    {
      "sequence_name": "bolt",
      "sequence_length": 350,
      "overlap": 0.23308811493796755,
      "failures": 15,
      "speed": 973.4310389563735
    },
    {
      "sequence_name": "car",
      "sequence_length": 374,
      "overlap": 0.14579825535607593,
      "failures": 4,
      "speed": 2684.714749057914
    },
    {
      "sequence_name": "cup",
      "sequence_length": 303,
      "overlap": 0.45104593992075853,
      "failures": 2,
      "speed": 1595.949857960463
    },
    {
      "sequence_name": "david",
      "sequence_length": 770,
      "overlap": 0.4996512765888039,
      "failures": 2,
      "speed": 1332.995827653087
    },
    {
      "sequence_name": "diving",
      "sequence_length": 231,
      "overlap": 0.26185358367899114,
      "failures": 10,
      "speed": 2034.0766410259407
    },
    {
      "sequence_name": "face",
      "sequence_length": 415,
      "overlap": 0.6323012360231239,
      "failures": 0,
      "speed": 1106.2607427248033
    },
    {
      "sequence_name": "gymnastics",
      "sequence_length": 207,
      "overlap": 0.20358019186931853,
      "failures": 15,
      "speed": 2059.319612007374
    },
    {
      "sequence_name": "hand",
      "sequence_length": 244,
      "overlap": 0.27913899863115127,
      "failures": 12,
      "speed": 2389.177513451312
    },
    {
      "sequence_name": "iceskater",
      "sequence_length": 500,
      "overlap": 0.4411390021584659,
      "failures": 3,
      "speed": 863.8545722070014
    },
    {
      "sequence_name": "juice",
      "sequence_length": 404,
      "overlap": 0.2501760318858968,
      "failures": 36,
      "speed": 2606.5552890857402
    },
    {
      "sequence_name": "jump",
      "sequence_length": 228,
      "overlap": 0.2638182442677606,
      "failures": 2,
      "speed": 810.7449755822688
    },
    {
      "sequence_name": "singer",
      "sequence_length": 351,
      "overlap": 0.047725354395752824,
      "failures": 56,
      "speed": 1498.5233055772198
    },
    {
      "sequence_name": "sunshade",
      "sequence_length": 172,
      "overlap": 0.3716433956476147,
      "failures": 12,
      "speed": 2658.6780717675597
    },
    {
      "sequence_name": "torus",
      "sequence_length": 264,
      "overlap": 0.3002641271492872,
      "failures": 9,
      "speed": 2461.0256648277323
    },
    {
      "sequence_name": "woman",
      "sequence_length": 597,
      "overlap": 0.32682919833411705,
      "failures": 52,
      "speed": 1877.7457204051098
    }
  ],
  "average_overlap": 0.3113900030843167,
  "total_failures": 245,
  "average_speed": 1844.4647261150308,
  "total_frames": 5681
}