{
  "tracker_name": "MOSSE",
  "results": [
    {
      "sequence_name": "bicycle",
      "sequence_length": 271,
      "overlap": 0.4326964413196206,
      "failures": 12,
      "speed": 1258.2384999540145
    },
    {
      "sequence_name": "bolt",
      "sequence_length": 350,
      "overlap": 0.35002006000360797,
      "failures": 9,
      "speed": 649.7553691727913
    },
    {
      "sequence_name": "car",
      "sequence_length": 374,
      "overlap": 0.2089529673981061,
      "failures": 4,
      "speed": 1722.4564538470686
    },
    {
      "sequence_name": "cup",
      "sequence_length": 303,
      "overlap": 0.40767977086123874,
      "failures": 2,
      "speed": 801.5561601492898
    },
    {
      "sequence_name": "david",
      "sequence_length": 770,
      "overlap": 0.5025480864173724,
      "failures": 2,
      "speed": 579.5850080069434
    },
    {
      "sequence_name": "diving",
      "sequence_length": 231,
      "overlap": 0.31251434677681145,
      "failures": 0,
      "speed": 1105.3736952642641
    },
    {
      "sequence_name": "face",
      "sequence_length": 415,
      "overlap": 0.5629352533191924,
      "failures": 0,
      "speed": 458.36464111097865
    },
    {
      "sequence_name": "gymnastics",
      "sequence_length": 207,
      "overlap": 0.4700025986033922,
      "failures": 1,
      "speed": 945.8005059799748
    },
    {
      "sequence_name": "hand",
      "sequence_length": 244,
      "overlap": 0.2761712698197707,
      "failures": 12,
      "speed": 726.0321417392544
    },
    {
      "sequence_name": "iceskater",
      "sequence_length": 500,
      "overlap": 0.41694820617969114,
      "failures": 0,
      "speed": 180.4561838490488
    },
    {
      "sequence_name": "juice",
      "sequence_length": 404,
      "overlap": 0.32730581519722723,
      "failures": 31,
      "speed": 1053.300385094145
    },
    {
      "sequence_name": "jump",
      "sequence_length": 228,
      "overlap": 0.2483709819287749,
      "failures": 1,
      "speed": 452.24020415414924
    },
    {
      "sequence_name": "singer",
      "sequence_length": 351,
      "overlap": 0.3457911701778168,
      "failures": 4,
      "speed": 220.1218726102816
    },
    {
      "sequence_name": "sunshade",
      "sequence_length": 172,
      "overlap": 0.3622003191978781,
      "failures": 10,
      "speed": 1060.1421875552153
    },
    {
      "sequence_name": "torus",
      "sequence_length": 264,
      "overlap": 0.29019102773526534,
      "failures": 9,
      "speed": 1237.3416691087887
    },
    {
      "sequence_name": "woman",
      "sequence_length": 597,
      "overlap": 0.42426126153841676,
      "failures": 8,
      "speed": 685.4558402657384
    }
  ],
  "average_overlap": 0.3711618485296365,
  "total_failures": 105,
  "average_speed": 821.0138011163715,
  "total_frames": 5681
}